product_id,brand,product_name,price_inr,mrp_inr,discount,rating,rating_count,breadcrumbs,product_url,image_url
29905122,FACES CANADA,FACES CANADA Comfy Matte Wow Liquid Lipstick - 3.8ml - Cocoa Crush 07,239,299,(20% OFF),4.5,39861,Home/Personal Care/Lipstick,https://www.myntra.com/lipstick/faces+canada/faces-canada-comfy-matte-wow-liquid-lipstick---38ml---cocoa-crush-07/29905122/buy,http://assets.myntassets.com/assets/images/2026/SEPTEMBER/20/9cb664dee729497f9714d6d7accafc46.jpg
22212908,Blue Heaven,Blue Heaven Set Of 10 Matte Love Long Lasting Hydrating Mini Lipsticks - 1.3g Each,246,449,(45% OFF),4.37,18543,Home/Personal Care/Lipstick,https://www.myntra.com/lipstick/blue+heaven/blue-heaven-set-of-10-matte-love-long-lasting-hydrating-mini-lipsticks---13g-each/22212908/buy,http://assets.myntassets.com/assets/images/2026/MAY/15/XCCNKSqJ_59c223b5ef5844d686cbc7bc87e2323c.jpg
27916434,ETUDE,ETUDE Dear Darling Water Tint 9g - Red Grapefruit Ade 4,382,450,(15% OFF),4.5,44745,Home/Personal Care/Lipstick,https://www.myntra.com/lipstick/etude/etude-dear-darling-water-tint-9g---red-grapefruit-ade-4/27916434/buy,http://assets.myntassets.com/assets/images/2026/APRIL/22/dcXN3llJ_0e6541e48be54d34b6525c0b28772559.jpg
28546562,Mamaearth,Mamaearth Creamy Matte Long Stay Lipstick With Murumuru Butter - Rose Nude,167,399,(58% OFF),4.25,24899,Home/Personal Care/Lipstick,https://www.myntra.com/lipstick/mamaearth/mamaearth-creamy-matte-long-stay-lipstick-with-murumuru-butter---rose-nude/28546562/buy,http://assets.myntassets.com/assets/images/28546562/2024/4/25/d17243f6-58e9-41fe-8521-f5059a0fb1a91714025429293MamaearthCreamyMatteLongStayLipstickWithMurumuruButter-RoseN1.jpg
30593158,Pilgrim,Pilgrim Matte Bullet Intense Colour Transferproof & Smudgeproof Lipstick - Mocha Bliss 04,476,595,(20% OFF),4.33,19339,Home/Personal Care/Lipstick,https://www.myntra.com/lipstick/pilgrim/pilgrim-matte-bullet-intense-colour-transferproof--smudgeproof-lipstick---mocha-bliss-04/30593158/buy,http://assets.myntassets.com/assets/images/2024/NOVEMBER/4/VAha6BTy_81cd48edddbf41eda03524b220e27abb.jpg
44876142,ridoy,ridoy Set Of 8 Waterproof Liquid Matte Lipstick-3 ml Each - Light Pink-Maroon-Brown-Magent,235,463,(49% OFF),3.53,60,Home/Personal Care/Lipstick,https://www.myntra.com/lipstick/ridoy/ridoy-set-of-8-waterproof-liquid-matte-lipstick-3-ml-each---light-pink-maroon-brown-magent/44876142/buy,http://assets.myntassets.com/assets/images/2026/AUGUST/1/DRdpBRyV_ecec2338ff42416b9df9746a0cdceec7.jpg
46828062,BELLABLOOM,BELLABLOOM Liquid Matte Lipstick - 5 ml - Dark Pink,399,799,(50% OFF),0.0,0,Home/Personal Care/Lipstick,https://www.myntra.com/lipstick/bellabloom/bellabloom-liquid-matte-lipstick---5-ml---dark-pink/46828062/buy,http://assets.myntassets.com/assets/images/2026/SEPTEMBER/29/0e0494e541cd4673b971be80c4baf426.jpg
11581508,Maybelline,Maybelline New York Color Sensational Creamy Matte Lipstick - 657 Nude Nuance - 3.9g,246,329,(25% OFF),4.44,233022,Home/Personal Care/Lipstick,https://www.myntra.com/lipstick/maybelline/maybelline-new-york-color-sensational-creamy-matte-lipstick---657-nude-nuance---39g/11581508/buy,http://assets.myntassets.com/assets/images/11581508/2023/11/28/47570c4b-adf7-4871-b278-6dbe0331ace91701150006879MaybellineNewYorkColorSensationalNudeNuanceCreamyMatteLipsti1.jpg
31082023,Mamaearth,Mamaearth Moisture Matte 12 Hour Long Stay Mini Lipstick - 0.7 g - 02 Plum Punch,226,349,(35% OFF),4.39,23581,Home/Personal Care/Lipstick,https://www.myntra.com/lipstick/mamaearth/mamaearth-moisture-matte-12-hour-long-stay-mini-lipstick---07-g---02-plum-punch/31082023/buy,http://assets.myntassets.com/assets/images/31082023/2024/9/30/9001060c-6ec2-4670-a17b-6128af3dd2511727677188461-Mamaearth-Moisture-Matte-12-Hour-Long-Stay-Mini-Lipstick---0-1.jpg
31082026,Mamaearth,Mamaearth Moisture Matte Long Stay Mini Lipstick - 0.7 g - 01 Carnation Nude,226,349,(35% OFF),4.39,23581,Home/Personal Care/Lipstick,https://www.myntra.com/lipstick/mamaearth/mamaearth-moisture-matte-long-stay-mini-lipstick---07-g---01-carnation-nude/31082026/buy,http://assets.myntassets.com/assets/images/2024/SEPTEMBER/30/SLirHSCU_a95554b08e124708b907a7c1977866db.jpg
23393626,MARS,MARS Creamy Matte Ultra Pigmented Long Lasting Bullet Lipstick - Bollywood Surprise 09,193,199,(3% OFF),4.43,68148,Home/Personal Care/Lipstick,https://www.myntra.com/lipstick/mars/mars-creamy-matte-ultra-pigmented-long-lasting-bullet-lipstick---bollywood-surprise-09/23393626/buy,http://assets.myntassets.com/assets/images/2024/SEPTEMBER/13/qu575rJA_197683e808e7448a85334420e697f512.jpg
33942196,Lakme,Lakme Forever Matte Long Stay Light-Weight Liquid Lipstick Trio 16.8ml - Nude Moods,796,1350,(41% OFF),4.52,13722,Home/Personal Care/Lipstick,https://www.myntra.com/lipstick/lakme/lakme-forever-matte-long-stay-light-weight-liquid-lipstick-trio-168ml---nude-moods/33942196/buy,http://assets.myntassets.com/assets/images/2025/MAY/27/Zo9limqp_0cd75b45a7384dd5bb0c1fafb66c1454.jpg
1963298,Maybelline,Maybelline New York Color Sensational Creamy Matte Lipstick - Burgundy Blush,259,329,(21% OFF),4.44,233022,Home/Personal Care/Lipstick,https://www.myntra.com/lipstick/maybelline/maybelline-new-york-color-sensational-creamy-matte-lipstick---burgundy-blush/1963298/buy,http://assets.myntassets.com/assets/images/2025/NOVEMBER/6/lcDGGQVC_ba68f5a103c2489ea8a6c2b1260e4bf7.jpg
42045034,MAXTOUCH,MAXTOUCH Extreme Matte Bullet Lipstick With Castor Oil - 4 g - 917,599,599,No Discount,0.0,0,Home/Personal Care/Lipstick,https://www.myntra.com/lipstick/maxtouch/maxtouch-extreme-matte-bullet-lipstick-with-castor-oil---4-g---917/42045034/buy,http://assets.myntassets.com/assets/images/2026/MAY/12/UIZUcWYW_56963089a0bf43799897fb9ad6e2051d.jpg
32051449,MARS,MARS Matte Muse Lightweight Mousse Lipstick 3ml - Leading Lady,269,299,(10% OFF),4.48,52649,Home/Personal Care/Lipstick,https://www.myntra.com/lipstick/mars/mars-matte-muse-lightweight-mousse-lipstick-3ml---leading-lady/32051449/buy,http://assets.myntassets.com/assets/images/2025/NOVEMBER/24/ufanJqID_7e7aac5762554c1ba87160a7b48088d1.jpg
14095312,Lakme,Lakme 9to5 Powerplay Priming Matte Lipstick With Vit E Lasts 16Hr 3.6g - Iconic Red,351,650,(46% OFF),4.33,338238,Home/Personal Care/Lipstick,https://www.myntra.com/lipstick/lakme/lakme-9to5-powerplay-priming-matte-lipstick-with-vit-e-lasts-16hr-36g---iconic-red/14095312/buy,http://assets.myntassets.com/assets/images/2026/FEBRUARY/9/MvV8yMs8_019db8437f5e4ca78d4f0ecfa2571afd.jpg
36495875,ELLE 18,ELLE 18 3-Pcs Long Lasting Liquid Lipstick Kit 5.6 ml each - Nude Days,264,480,(45% OFF),4.47,1816,Home/Personal Care/Lipstick,https://www.myntra.com/lipstick/elle+18/elle-18-3-pcs-long-lasting-liquid-lipstick-kit-56-ml-each---nude-days/36495875/buy,http://assets.myntassets.com/assets/images/2025/SEPTEMBER/3/vaLPCoAL_74e8a3c4a0a04b9083c8b96c0052e007.jpg
24822112,Lakme,Lakme Forever Matte Long Lasting Lipstick With French Rose Oil Ext 4.5g - Mauve Love CM7,225,375,(40% OFF),4.18,39702,Home/Personal Care/Lipstick,https://www.myntra.com/lipstick/lakme/lakme-forever-matte-long-lasting-lipstick-with-french-rose-oil-ext-45g---mauve-love-cm7/24822112/buy,http://assets.myntassets.com/assets/images/24822112/2023/11/3/f5f24034-690f-4599-915a-6eba2f2c1de31699011182900LakmeCushionMatteLongLastingLipstickwithFrenchRoseOil-MauveL1.jpg
32378716,ETUDE,ETUDE Dear Darling Water Gel Lip & Cheek Tint 9g - Pomegranate Ade 06,405,450,(10% OFF),4.5,44745,Home/Personal Care/Lipstick,https://www.myntra.com/lipstick/etude/etude-dear-darling-water-gel-lip--cheek-tint-9g---pomegranate-ade-06/32378716/buy,http://assets.myntassets.com/assets/images/2026/MARCH/17/HR3dmJoE_f8ec439c68a34eb890a99fe72e21322a.jpg
15580792,SWISS BEAUTY,SWISS BEAUTY Pure Matte Lipstick- Hazelnut 203,199,229,(13% OFF),4.4,36237,Home/Personal Care/Lipstick,https://www.myntra.com/lipstick/swiss+beauty/swiss-beauty-pure-matte-lipstick--hazelnut-203/15580792/buy,http://assets.myntassets.com/assets/images/15580792/2024/2/9/228a503e-9272-4b82-b609-0069dd9b5c671707478233764-SWISS-BEAUTY-Pure-Matte-Lipstick--Hazelnut-203-7141707478233-1.jpg
46828066,BELLABLOOM,BELLABLOOM Liquid Matte Lipstick - 5 ml - Maroon,399,599,(33% OFF),0.0,0,Home/Personal Care/Lipstick,https://www.myntra.com/lipstick/bellabloom/bellabloom-liquid-matte-lipstick---5-ml---maroon/46828066/buy,http://assets.myntassets.com/assets/images/2026/SEPTEMBER/29/a7373a25a58543159192b1bc387a62b0.jpg
8051031,Maybelline,Maybelline New York Super Stay Matte Ink Liquid Lipstick 5 ml - Artist 120,486,749,(35% OFF),4.51,215247,Home/Personal Care/Lipstick,https://www.myntra.com/lipstick/maybelline/maybelline-new-york-super-stay-matte-ink-liquid-lipstick-5-ml---artist-120/8051031/buy,http://assets.myntassets.com/assets/images/2025/SEPTEMBER/18/zODHxmXT_27a48f8c60644acf8f3680bb68d1db04.jpg
28546544,Mamaearth,Mamaearth Creamy Matte Long Stay Lipstick With Murumuru Butter - 4.2g - Cranberry Crush,351,399,(12% OFF),4.25,24899,Home/Personal Care/Lipstick,https://www.myntra.com/lipstick/mamaearth/mamaearth-creamy-matte-long-stay-lipstick-with-murumuru-butter---42g---cranberry-crush/28546544/buy,http://assets.myntassets.com/assets/images/28546544/2024/4/25/6232eb48-9d2f-4914-9852-3c0d0ae7ad5e1714025431506MamaearthCreamyMatteLongStayLipstickWithMurumuruButter-42g-C1.jpg
24822100,Lakme,Lakme Cushion Matte Long Lasting Lipstick With French Rose Oil Ext 4.5g - Red Royale,225,375,(40% OFF),4.18,39702,Home/Personal Care/Lipstick,https://www.myntra.com/lipstick/lakme/lakme-cushion-matte-long-lasting-lipstick-with-french-rose-oil-ext-45g---red-royale/24822100/buy,http://assets.myntassets.com/assets/images/24822100/2023/10/27/7588b64c-e489-4fce-b287-f286db5aef651698406920286LakmeCushionMatteLongLastingLipstickwithFrenchRoseOil-RedRoy1.jpg
11131096,Lakme,Lakme Forever Matte Lightweight & Transferproof 16Hr Liquid Lipstick 5.6ml - Crimson Rose,283,450,(37% OFF),4.41,177962,Home/Personal Care/Lipstick,https://www.myntra.com/lipstick/lakme/lakme-forever-matte-lightweight--transferproof-16hr-liquid-lipstick-56ml---crimson-rose/11131096/buy,http://assets.myntassets.com/assets/images/2026/JUNE/15/JX4w3TAu_d8b6e31a201f4034b9afefcd23675d2e.jpg
13201762,Lakme,Lakme Cushion Matte Lipstick with French Rose Oil - Plum Obsession CM2,217,375,(42% OFF),4.25,112472,Home/Personal Care/Lipstick,https://www.myntra.com/lipstick/lakme/lakme-cushion-matte-lipstick-with-french-rose-oil---plum-obsession-cm2/13201762/buy,http://assets.myntassets.com/assets/images/13201762/2024/8/16/aa559c50-c600-494b-932f-6634f7d762131723809710673-Lakme-Cushion-Matte-Lipstick-with-French-Rose-Oil---Plum-Obs-2.jpg
11131116,Lakme,Lakme Forever Matte Lightweight & Transferproof 16Hr Liquid Lipstick 5.6ml - Nude Dream,283,450,(37% OFF),4.41,177962,Home/Personal Care/Lipstick,https://www.myntra.com/lipstick/lakme/lakme-forever-matte-lightweight--transferproof-16hr-liquid-lipstick-56ml---nude-dream/11131116/buy,http://assets.myntassets.com/assets/images/11131116/2024/3/11/f09fbb28-23c0-4e82-b091-bc90172803521710155799995-Lakme-Forever-Matte-Liquid-Lip-Colour-56-ml---Nude-Dream-892-2.jpg
45132305,MARS,MARS Crave Hydrating & Lightweight Creme Lipstick - Adore 05,299,299,No Discount,0.0,0,Home/Personal Care/Lipstick,https://www.myntra.com/lipstick/mars/mars-crave-hydrating--lightweight-creme-lipstick---adore-05/45132305/buy,http://assets.myntassets.com/assets/images/2026/SEPTEMBER/23/a23a638fc42648f59439bb5c3f8459ec.jpg
44876099,ridoy,ridoy Set Of 8 Waterproof Liquid Matte Lipstick-3 ml Each - Light Pink-Maroon-Brown-Magent,236,441,(46% OFF),4.42,31,Home/Personal Care/Lipstick,https://www.myntra.com/lipstick/ridoy/ridoy-set-of-8-waterproof-liquid-matte-lipstick-3-ml-each---light-pink-maroon-brown-magent/44876099/buy,http://assets.myntassets.com/assets/images/2026/AUGUST/1/72MxqM96_572e38cfabd8403e9b2766a23acb6910.jpg
32283636,MARS,MARS Set Of 3 Queen of Mattes Long Lasting Liquid Lipstick 13.5ml - Reds & Maroons,465,499,(7% OFF),4.62,6557,Home/Personal Care/Lipstick,https://www.myntra.com/lipstick/mars/mars-set-of-3-queen-of-mattes-long-lasting-liquid-lipstick-135ml---reds--maroons/32283636/buy,http://assets.myntassets.com/assets/images/32283636/2025/2/17/84776b53-23c7-4e86-84ca-b5ccece887c01739785714132-MARS-Set-Of-3-Queen-of-Mattes-Long-Lasting-Liquid-Lipstick-1-1.jpg
20474268,ETUDE,ETUDE Dear Darling Water Gel Lip & Cheek Tint Lipstick 9 g - Cherry Ade 02,405,450,(10% OFF),4.5,44745,Home/Personal Care/Lipstick,https://www.myntra.com/lipstick/etude/etude-dear-darling-water-gel-lip--cheek-tint-lipstick-9-g---cherry-ade-02/20474268/buy,http://assets.myntassets.com/assets/images/2026/APRIL/22/ly2vLY76_2200d128febd43e39c5fd9b0424f774f.jpg
32619377,nandiayan,nandiayan Women Liquid Lipstick Set of 12 Smudge Proof Matte Shades -2.5ml Each,283,455,(38% OFF),3.85,2047,Home/Personal Care/Lipstick,https://www.myntra.com/lipstick/nandiayan/nandiayan-women-liquid-lipstick-set-of-12-smudge-proof-matte-shades--25ml-each/32619377/buy,http://assets.myntassets.com/assets/images/2026/JULY/31/TxDSXUIC_8666814f724841de8698752338301b1b.jpg
29905122,FACES CANADA,FACES CANADA Comfy Matte Wow Liquid Lipstick - 3.8ml - Cocoa Crush 07,239,299,(20% OFF),4.5,39861,Home/Personal Care/Lipstick,https://www.myntra.com/lipstick/faces+canada/faces-canada-comfy-matte-wow-liquid-lipstick---38ml---cocoa-crush-07/29905122/buy,http://assets.myntassets.com/assets/images/2026/SEPTEMBER/20/9cb664dee729497f9714d6d7accafc46.jpg
22212908,Blue Heaven,Blue Heaven Set Of 10 Matte Love Long Lasting Hydrating Mini Lipsticks - 1.3g Each,246,449,(45% OFF),4.37,18543,Home/Personal Care/Lipstick,https://www.myntra.com/lipstick/blue+heaven/blue-heaven-set-of-10-matte-love-long-lasting-hydrating-mini-lipsticks---13g-each/22212908/buy,http://assets.myntassets.com/assets/images/2026/MAY/15/XCCNKSqJ_59c223b5ef5844d686cbc7bc87e2323c.jpg
27916434,ETUDE,ETUDE Dear Darling Water Tint 9g - Red Grapefruit Ade 4,382,450,(15% OFF),4.5,44745,Home/Personal Care/Lipstick,https://www.myntra.com/lipstick/etude/etude-dear-darling-water-tint-9g---red-grapefruit-ade-4/27916434/buy,http://assets.myntassets.com/assets/images/2026/APRIL/22/dcXN3llJ_0e6541e48be54d34b6525c0b28772559.jpg
28546562,Mamaearth,Mamaearth Creamy Matte Long Stay Lipstick With Murumuru Butter - Rose Nude,167,399,(58% OFF),4.25,24899,Home/Personal Care/Lipstick,https://www.myntra.com/lipstick/mamaearth/mamaearth-creamy-matte-long-stay-lipstick-with-murumuru-butter---rose-nude/28546562/buy,http://assets.myntassets.com/assets/images/28546562/2024/4/25/d17243f6-58e9-41fe-8521-f5059a0fb1a91714025429293MamaearthCreamyMatteLongStayLipstickWithMurumuruButter-RoseN1.jpg
30593158,Pilgrim,Pilgrim Matte Bullet Intense Colour Transferproof & Smudgeproof Lipstick - Mocha Bliss 04,476,595,(20% OFF),4.33,19339,Home/Personal Care/Lipstick,https://www.myntra.com/lipstick/pilgrim/pilgrim-matte-bullet-intense-colour-transferproof--smudgeproof-lipstick---mocha-bliss-04/30593158/buy,http://assets.myntassets.com/assets/images/2024/NOVEMBER/4/VAha6BTy_81cd48edddbf41eda03524b220e27abb.jpg
44876142,ridoy,ridoy Set Of 8 Waterproof Liquid Matte Lipstick-3 ml Each - Light Pink-Maroon-Brown-Magent,235,463,(49% OFF),3.53,60,Home/Personal Care/Lipstick,https://www.myntra.com/lipstick/ridoy/ridoy-set-of-8-waterproof-liquid-matte-lipstick-3-ml-each---light-pink-maroon-brown-magent/44876142/buy,http://assets.myntassets.com/assets/images/2026/AUGUST/1/DRdpBRyV_ecec2338ff42416b9df9746a0cdceec7.jpg
46828062,BELLABLOOM,BELLABLOOM Liquid Matte Lipstick - 5 ml - Dark Pink,399,799,(50% OFF),0.0,0,Home/Personal Care/Lipstick,https://www.myntra.com/lipstick/bellabloom/bellabloom-liquid-matte-lipstick---5-ml---dark-pink/46828062/buy,http://assets.myntassets.com/assets/images/2026/SEPTEMBER/29/0e0494e541cd4673b971be80c4baf426.jpg
11581508,Maybelline,Maybelline New York Color Sensational Creamy Matte Lipstick - 657 Nude Nuance - 3.9g,246,329,(25% OFF),4.44,233022,Home/Personal Care/Lipstick,https://www.myntra.com/lipstick/maybelline/maybelline-new-york-color-sensational-creamy-matte-lipstick---657-nude-nuance---39g/11581508/buy,http://assets.myntassets.com/assets/images/11581508/2023/11/28/47570c4b-adf7-4871-b278-6dbe0331ace91701150006879MaybellineNewYorkColorSensationalNudeNuanceCreamyMatteLipsti1.jpg
31082023,Mamaearth,Mamaearth Moisture Matte 12 Hour Long Stay Mini Lipstick - 0.7 g - 02 Plum Punch,226,349,(35% OFF),4.39,23581,Home/Personal Care/Lipstick,https://www.myntra.com/lipstick/mamaearth/mamaearth-moisture-matte-12-hour-long-stay-mini-lipstick---07-g---02-plum-punch/31082023/buy,http://assets.myntassets.com/assets/images/31082023/2024/9/30/9001060c-6ec2-4670-a17b-6128af3dd2511727677188461-Mamaearth-Moisture-Matte-12-Hour-Long-Stay-Mini-Lipstick---0-1.jpg
31082026,Mamaearth,Mamaearth Moisture Matte Long Stay Mini Lipstick - 0.7 g - 01 Carnation Nude,226,349,(35% OFF),4.39,23581,Home/Personal Care/Lipstick,https://www.myntra.com/lipstick/mamaearth/mamaearth-moisture-matte-long-stay-mini-lipstick---07-g---01-carnation-nude/31082026/buy,http://assets.myntassets.com/assets/images/2024/SEPTEMBER/30/SLirHSCU_a95554b08e124708b907a7c1977866db.jpg
23393626,MARS,MARS Creamy Matte Ultra Pigmented Long Lasting Bullet Lipstick - Bollywood Surprise 09,193,199,(3% OFF),4.43,68148,Home/Personal Care/Lipstick,https://www.myntra.com/lipstick/mars/mars-creamy-matte-ultra-pigmented-long-lasting-bullet-lipstick---bollywood-surprise-09/23393626/buy,http://assets.myntassets.com/assets/images/2024/SEPTEMBER/13/qu575rJA_197683e808e7448a85334420e697f512.jpg
33942196,Lakme,Lakme Forever Matte Long Stay Light-Weight Liquid Lipstick Trio 16.8ml - Nude Moods,796,1350,(41% OFF),4.52,13722,Home/Personal Care/Lipstick,https://www.myntra.com/lipstick/lakme/lakme-forever-matte-long-stay-light-weight-liquid-lipstick-trio-168ml---nude-moods/33942196/buy,http://assets.myntassets.com/assets/images/2025/MAY/27/Zo9limqp_0cd75b45a7384dd5bb0c1fafb66c1454.jpg
1963298,Maybelline,Maybelline New York Color Sensational Creamy Matte Lipstick - Burgundy Blush,259,329,(21% OFF),4.44,233022,Home/Personal Care/Lipstick,https://www.myntra.com/lipstick/maybelline/maybelline-new-york-color-sensational-creamy-matte-lipstick---burgundy-blush/1963298/buy,http://assets.myntassets.com/assets/images/2025/NOVEMBER/6/lcDGGQVC_ba68f5a103c2489ea8a6c2b1260e4bf7.jpg
42045034,MAXTOUCH,MAXTOUCH Extreme Matte Bullet Lipstick With Castor Oil - 4 g - 917,599,599,No Discount,0.0,0,Home/Personal Care/Lipstick,https://www.myntra.com/lipstick/maxtouch/maxtouch-extreme-matte-bullet-lipstick-with-castor-oil---4-g---917/42045034/buy,http://assets.myntassets.com/assets/images/2026/MAY/12/UIZUcWYW_56963089a0bf43799897fb9ad6e2051d.jpg
32051449,MARS,MARS Matte Muse Lightweight Mousse Lipstick 3ml - Leading Lady,269,299,(10% OFF),4.48,52649,Home/Personal Care/Lipstick,https://www.myntra.com/lipstick/mars/mars-matte-muse-lightweight-mousse-lipstick-3ml---leading-lady/32051449/buy,http://assets.myntassets.com/assets/images/2025/NOVEMBER/24/ufanJqID_7e7aac5762554c1ba87160a7b48088d1.jpg
14095312,Lakme,Lakme 9to5 Powerplay Priming Matte Lipstick With Vit E Lasts 16Hr 3.6g - Iconic Red,351,650,(46% OFF),4.33,338238,Home/Personal Care/Lipstick,https://www.myntra.com/lipstick/lakme/lakme-9to5-powerplay-priming-matte-lipstick-with-vit-e-lasts-16hr-36g---iconic-red/14095312/buy,http://assets.myntassets.com/assets/images/2026/FEBRUARY/9/MvV8yMs8_019db8437f5e4ca78d4f0ecfa2571afd.jpg
36495875,ELLE 18,ELLE 18 3-Pcs Long Lasting Liquid Lipstick Kit 5.6 ml each - Nude Days,264,480,(45% OFF),4.47,1816,Home/Personal Care/Lipstick,https://www.myntra.com/lipstick/elle+18/elle-18-3-pcs-long-lasting-liquid-lipstick-kit-56-ml-each---nude-days/36495875/buy,http://assets.myntassets.com/assets/images/2025/SEPTEMBER/3/vaLPCoAL_74e8a3c4a0a04b9083c8b96c0052e007.jpg
24822112,Lakme,Lakme Forever Matte Long Lasting Lipstick With French Rose Oil Ext 4.5g - Mauve Love CM7,225,375,(40% OFF),4.18,39702,Home/Personal Care/Lipstick,https://www.myntra.com/lipstick/lakme/lakme-forever-matte-long-lasting-lipstick-with-french-rose-oil-ext-45g---mauve-love-cm7/24822112/buy,http://assets.myntassets.com/assets/images/24822112/2023/11/3/f5f24034-690f-4599-915a-6eba2f2c1de31699011182900LakmeCushionMatteLongLastingLipstickwithFrenchRoseOil-MauveL1.jpg
32378716,ETUDE,ETUDE Dear Darling Water Gel Lip & Cheek Tint 9g - Pomegranate Ade 06,405,450,(10% OFF),4.5,44745,Home/Personal Care/Lipstick,https://www.myntra.com/lipstick/etude/etude-dear-darling-water-gel-lip--cheek-tint-9g---pomegranate-ade-06/32378716/buy,http://assets.myntassets.com/assets/images/2026/MARCH/17/HR3dmJoE_f8ec439c68a34eb890a99fe72e21322a.jpg
15580792,SWISS BEAUTY,SWISS BEAUTY Pure Matte Lipstick- Hazelnut 203,199,229,(13% OFF),4.4,36237,Home/Personal Care/Lipstick,https://www.myntra.com/lipstick/swiss+beauty/swiss-beauty-pure-matte-lipstick--hazelnut-203/15580792/buy,http://assets.myntassets.com/assets/images/15580792/2024/2/9/228a503e-9272-4b82-b609-0069dd9b5c671707478233764-SWISS-BEAUTY-Pure-Matte-Lipstick--Hazelnut-203-7141707478233-1.jpg
46828066,BELLABLOOM,BELLABLOOM Liquid Matte Lipstick - 5 ml - Maroon,399,599,(33% OFF),0.0,0,Home/Personal Care/Lipstick,https://www.myntra.com/lipstick/bellabloom/bellabloom-liquid-matte-lipstick---5-ml---maroon/46828066/buy,http://assets.myntassets.com/assets/images/2026/SEPTEMBER/29/a7373a25a58543159192b1bc387a62b0.jpg
8051031,Maybelline,Maybelline New York Super Stay Matte Ink Liquid Lipstick 5 ml - Artist 120,486,749,(35% OFF),4.51,215247,Home/Personal Care/Lipstick,https://www.myntra.com/lipstick/maybelline/maybelline-new-york-super-stay-matte-ink-liquid-lipstick-5-ml---artist-120/8051031/buy,http://assets.myntassets.com/assets/images/2025/SEPTEMBER/18/zODHxmXT_27a48f8c60644acf8f3680bb68d1db04.jpg
28546544,Mamaearth,Mamaearth Creamy Matte Long Stay Lipstick With Murumuru Butter - 4.2g - Cranberry Crush,351,399,(12% OFF),4.25,24899,Home/Personal Care/Lipstick,https://www.myntra.com/lipstick/mamaearth/mamaearth-creamy-matte-long-stay-lipstick-with-murumuru-butter---42g---cranberry-crush/28546544/buy,http://assets.myntassets.com/assets/images/28546544/2024/4/25/6232eb48-9d2f-4914-9852-3c0d0ae7ad5e1714025431506MamaearthCreamyMatteLongStayLipstickWithMurumuruButter-42g-C1.jpg
24822100,Lakme,Lakme Cushion Matte Long Lasting Lipstick With French Rose Oil Ext 4.5g - Red Royale,225,375,(40% OFF),4.18,39702,Home/Personal Care/Lipstick,https://www.myntra.com/lipstick/lakme/lakme-cushion-matte-long-lasting-lipstick-with-french-rose-oil-ext-45g---red-royale/24822100/buy,http://assets.myntassets.com/assets/images/24822100/2023/10/27/7588b64c-e489-4fce-b287-f286db5aef651698406920286LakmeCushionMatteLongLastingLipstickwithFrenchRoseOil-RedRoy1.jpg
11131096,Lakme,Lakme Forever Matte Lightweight & Transferproof 16Hr Liquid Lipstick 5.6ml - Crimson Rose,283,450,(37% OFF),4.41,177962,Home/Personal Care/Lipstick,https://www.myntra.com/lipstick/lakme/lakme-forever-matte-lightweight--transferproof-16hr-liquid-lipstick-56ml---crimson-rose/11131096/buy,http://assets.myntassets.com/assets/images/2026/JUNE/15/JX4w3TAu_d8b6e31a201f4034b9afefcd23675d2e.jpg
29905122,FACES CANADA,FACES CANADA Comfy Matte Wow Liquid Lipstick - 3.8ml - Cocoa Crush 07,239,299,(20% OFF),4.5,39861,Home/Personal Care/Lipstick,https://www.myntra.com/lipstick/faces+canada/faces-canada-comfy-matte-wow-liquid-lipstick---38ml---cocoa-crush-07/29905122/buy,http://assets.myntassets.com/assets/images/2026/SEPTEMBER/20/9cb664dee729497f9714d6d7accafc46.jpg
22212908,Blue Heaven,Blue Heaven Set Of 10 Matte Love Long Lasting Hydrating Mini Lipsticks - 1.3g Each,246,449,(45% OFF),4.37,18543,Home/Personal Care/Lipstick,https://www.myntra.com/lipstick/blue+heaven/blue-heaven-set-of-10-matte-love-long-lasting-hydrating-mini-lipsticks---13g-each/22212908/buy,http://assets.myntassets.com/assets/images/2026/MAY/15/XCCNKSqJ_59c223b5ef5844d686cbc7bc87e2323c.jpg
27916434,ETUDE,ETUDE Dear Darling Water Tint 9g - Red Grapefruit Ade 4,382,450,(15% OFF),4.5,44745,Home/Personal Care/Lipstick,https://www.myntra.com/lipstick/etude/etude-dear-darling-water-tint-9g---red-grapefruit-ade-4/27916434/buy,http://assets.myntassets.com/assets/images/2026/APRIL/22/dcXN3llJ_0e6541e48be54d34b6525c0b28772559.jpg
28546562,Mamaearth,Mamaearth Creamy Matte Long Stay Lipstick With Murumuru Butter - Rose Nude,167,399,(58% OFF),4.25,24899,Home/Personal Care/Lipstick,https://www.myntra.com/lipstick/mamaearth/mamaearth-creamy-matte-long-stay-lipstick-with-murumuru-butter---rose-nude/28546562/buy,http://assets.myntassets.com/assets/images/28546562/2024/4/25/d17243f6-58e9-41fe-8521-f5059a0fb1a91714025429293MamaearthCreamyMatteLongStayLipstickWithMurumuruButter-RoseN1.jpg
30593158,Pilgrim,Pilgrim Matte Bullet Intense Colour Transferproof & Smudgeproof Lipstick - Mocha Bliss 04,476,595,(20% OFF),4.33,19339,Home/Personal Care/Lipstick,https://www.myntra.com/lipstick/pilgrim/pilgrim-matte-bullet-intense-colour-transferproof--smudgeproof-lipstick---mocha-bliss-04/30593158/buy,http://assets.myntassets.com/assets/images/2024/NOVEMBER/4/VAha6BTy_81cd48edddbf41eda03524b220e27abb.jpg
44876142,ridoy,ridoy Set Of 8 Waterproof Liquid Matte Lipstick-3 ml Each - Light Pink-Maroon-Brown-Magent,235,463,(49% OFF),3.53,60,Home/Personal Care/Lipstick,https://www.myntra.com/lipstick/ridoy/ridoy-set-of-8-waterproof-liquid-matte-lipstick-3-ml-each---light-pink-maroon-brown-magent/44876142/buy,http://assets.myntassets.com/assets/images/2026/AUGUST/1/DRdpBRyV_ecec2338ff42416b9df9746a0cdceec7.jpg
46828062,BELLABLOOM,BELLABLOOM Liquid Matte Lipstick - 5 ml - Dark Pink,399,799,(50% OFF),0.0,0,Home/Personal Care/Lipstick,https://www.myntra.com/lipstick/bellabloom/bellabloom-liquid-matte-lipstick---5-ml---dark-pink/46828062/buy,http://assets.myntassets.com/assets/images/2026/SEPTEMBER/29/0e0494e541cd4673b971be80c4baf426.jpg
11581508,Maybelline,Maybelline New York Color Sensational Creamy Matte Lipstick - 657 Nude Nuance - 3.9g,246,329,(25% OFF),4.44,233022,Home/Personal Care/Lipstick,https://www.myntra.com/lipstick/maybelline/maybelline-new-york-color-sensational-creamy-matte-lipstick---657-nude-nuance---39g/11581508/buy,http://assets.myntassets.com/assets/images/11581508/2023/11/28/47570c4b-adf7-4871-b278-6dbe0331ace91701150006879MaybellineNewYorkColorSensationalNudeNuanceCreamyMatteLipsti1.jpg
31082023,Mamaearth,Mamaearth Moisture Matte 12 Hour Long Stay Mini Lipstick - 0.7 g - 02 Plum Punch,226,349,(35% OFF),4.39,23581,Home/Personal Care/Lipstick,https://www.myntra.com/lipstick/mamaearth/mamaearth-moisture-matte-12-hour-long-stay-mini-lipstick---07-g---02-plum-punch/31082023/buy,http://assets.myntassets.com/assets/images/31082023/2024/9/30/9001060c-6ec2-4670-a17b-6128af3dd2511727677188461-Mamaearth-Moisture-Matte-12-Hour-Long-Stay-Mini-Lipstick---0-1.jpg
31082026,Mamaearth,Mamaearth Moisture Matte Long Stay Mini Lipstick - 0.7 g - 01 Carnation Nude,226,349,(35% OFF),4.39,23581,Home/Personal Care/Lipstick,https://www.myntra.com/lipstick/mamaearth/mamaearth-moisture-matte-long-stay-mini-lipstick---07-g---01-carnation-nude/31082026/buy,http://assets.myntassets.com/assets/images/2024/SEPTEMBER/30/SLirHSCU_a95554b08e124708b907a7c1977866db.jpg
23393626,MARS,MARS Creamy Matte Ultra Pigmented Long Lasting Bullet Lipstick - Bollywood Surprise 09,193,199,(3% OFF),4.43,68148,Home/Personal Care/Lipstick,https://www.myntra.com/lipstick/mars/mars-creamy-matte-ultra-pigmented-long-lasting-bullet-lipstick---bollywood-surprise-09/23393626/buy,http://assets.myntassets.com/assets/images/2024/SEPTEMBER/13/qu575rJA_197683e808e7448a85334420e697f512.jpg
33942196,Lakme,Lakme Forever Matte Long Stay Light-Weight Liquid Lipstick Trio 16.8ml - Nude Moods,796,1350,(41% OFF),4.52,13722,Home/Personal Care/Lipstick,https://www.myntra.com/lipstick/lakme/lakme-forever-matte-long-stay-light-weight-liquid-lipstick-trio-168ml---nude-moods/33942196/buy,http://assets.myntassets.com/assets/images/2025/MAY/27/Zo9limqp_0cd75b45a7384dd5bb0c1fafb66c1454.jpg
1963298,Maybelline,Maybelline New York Color Sensational Creamy Matte Lipstick - Burgundy Blush,259,329,(21% OFF),4.44,233022,Home/Personal Care/Lipstick,https://www.myntra.com/lipstick/maybelline/maybelline-new-york-color-sensational-creamy-matte-lipstick---burgundy-blush/1963298/buy,http://assets.myntassets.com/assets/images/2025/NOVEMBER/6/lcDGGQVC_ba68f5a103c2489ea8a6c2b1260e4bf7.jpg
42045034,MAXTOUCH,MAXTOUCH Extreme Matte Bullet Lipstick With Castor Oil - 4 g - 917,599,599,No Discount,0.0,0,Home/Personal Care/Lipstick,https://www.myntra.com/lipstick/maxtouch/maxtouch-extreme-matte-bullet-lipstick-with-castor-oil---4-g---917/42045034/buy,http://assets.myntassets.com/assets/images/2026/MAY/12/UIZUcWYW_56963089a0bf43799897fb9ad6e2051d.jpg
32051449,MARS,MARS Matte Muse Lightweight Mousse Lipstick 3ml - Leading Lady,269,299,(10% OFF),4.48,52649,Home/Personal Care/Lipstick,https://www.myntra.com/lipstick/mars/mars-matte-muse-lightweight-mousse-lipstick-3ml---leading-lady/32051449/buy,http://assets.myntassets.com/assets/images/2025/NOVEMBER/24/ufanJqID_7e7aac5762554c1ba87160a7b48088d1.jpg
14095312,Lakme,Lakme 9to5 Powerplay Priming Matte Lipstick With Vit E Lasts 16Hr 3.6g - Iconic Red,351,650,(46% OFF),4.33,338238,Home/Personal Care/Lipstick,https://www.myntra.com/lipstick/lakme/lakme-9to5-powerplay-priming-matte-lipstick-with-vit-e-lasts-16hr-36g---iconic-red/14095312/buy,http://assets.myntassets.com/assets/images/2026/FEBRUARY/9/MvV8yMs8_019db8437f5e4ca78d4f0ecfa2571afd.jpg
36495875,ELLE 18,ELLE 18 3-Pcs Long Lasting Liquid Lipstick Kit 5.6 ml each - Nude Days,264,480,(45% OFF),4.47,1816,Home/Personal Care/Lipstick,https://www.myntra.com/lipstick/elle+18/elle-18-3-pcs-long-lasting-liquid-lipstick-kit-56-ml-each---nude-days/36495875/buy,http://assets.myntassets.com/assets/images/2025/SEPTEMBER/3/vaLPCoAL_74e8a3c4a0a04b9083c8b96c0052e007.jpg
24822112,Lakme,Lakme Forever Matte Long Lasting Lipstick With French Rose Oil Ext 4.5g - Mauve Love CM7,225,375,(40% OFF),4.18,39702,Home/Personal Care/Lipstick,https://www.myntra.com/lipstick/lakme/lakme-forever-matte-long-lasting-lipstick-with-french-rose-oil-ext-45g---mauve-love-cm7/24822112/buy,http://assets.myntassets.com/assets/images/24822112/2023/11/3/f5f24034-690f-4599-915a-6eba2f2c1de31699011182900LakmeCushionMatteLongLastingLipstickwithFrenchRoseOil-MauveL1.jpg
32378716,ETUDE,ETUDE Dear Darling Water Gel Lip & Cheek Tint 9g - Pomegranate Ade 06,405,450,(10% OFF),4.5,44745,Home/Personal Care/Lipstick,https://www.myntra.com/lipstick/etude/etude-dear-darling-water-gel-lip--cheek-tint-9g---pomegranate-ade-06/32378716/buy,http://assets.myntassets.com/assets/images/2026/MARCH/17/HR3dmJoE_f8ec439c68a34eb890a99fe72e21322a.jpg
15580792,SWISS BEAUTY,SWISS BEAUTY Pure Matte Lipstick- Hazelnut 203,199,229,(13% OFF),4.4,36237,Home/Personal Care/Lipstick,https://www.myntra.com/lipstick/swiss+beauty/swiss-beauty-pure-matte-lipstick--hazelnut-203/15580792/buy,http://assets.myntassets.com/assets/images/15580792/2024/2/9/228a503e-9272-4b82-b609-0069dd9b5c671707478233764-SWISS-BEAUTY-Pure-Matte-Lipstick--Hazelnut-203-7141707478233-1.jpg
46828066,BELLABLOOM,BELLABLOOM Liquid Matte Lipstick - 5 ml - Maroon,399,599,(33% OFF),0.0,0,Home/Personal Care/Lipstick,https://www.myntra.com/lipstick/bellabloom/bellabloom-liquid-matte-lipstick---5-ml---maroon/46828066/buy,http://assets.myntassets.com/assets/images/2026/SEPTEMBER/29/a7373a25a58543159192b1bc387a62b0.jpg
8051031,Maybelline,Maybelline New York Super Stay Matte Ink Liquid Lipstick 5 ml - Artist 120,486,749,(35% OFF),4.51,215247,Home/Personal Care/Lipstick,https://www.myntra.com/lipstick/maybelline/maybelline-new-york-super-stay-matte-ink-liquid-lipstick-5-ml---artist-120/8051031/buy,http://assets.myntassets.com/assets/images/2025/SEPTEMBER/18/zODHxmXT_27a48f8c60644acf8f3680bb68d1db04.jpg
28546544,Mamaearth,Mamaearth Creamy Matte Long Stay Lipstick With Murumuru Butter - 4.2g - Cranberry Crush,351,399,(12% OFF),4.25,24899,Home/Personal Care/Lipstick,https://www.myntra.com/lipstick/mamaearth/mamaearth-creamy-matte-long-stay-lipstick-with-murumuru-butter---42g---cranberry-crush/28546544/buy,http://assets.myntassets.com/assets/images/28546544/2024/4/25/6232eb48-9d2f-4914-9852-3c0d0ae7ad5e1714025431506MamaearthCreamyMatteLongStayLipstickWithMurumuruButter-42g-C1.jpg
24822100,Lakme,Lakme Cushion Matte Long Lasting Lipstick With French Rose Oil Ext 4.5g - Red Royale,225,375,(40% OFF),4.18,39702,Home/Personal Care/Lipstick,https://www.myntra.com/lipstick/lakme/lakme-cushion-matte-long-lasting-lipstick-with-french-rose-oil-ext-45g---red-royale/24822100/buy,http://assets.myntassets.com/assets/images/24822100/2023/10/27/7588b64c-e489-4fce-b287-f286db5aef651698406920286LakmeCushionMatteLongLastingLipstickwithFrenchRoseOil-RedRoy1.jpg
11131096,Lakme,Lakme Forever Matte Lightweight & Transferproof 16Hr Liquid Lipstick 5.6ml - Crimson Rose,283,450,(37% OFF),4.41,177962,Home/Personal Care/Lipstick,https://www.myntra.com/lipstick/lakme/lakme-forever-matte-lightweight--transferproof-16hr-liquid-lipstick-56ml---crimson-rose/11131096/buy,http://assets.myntassets.com/assets/images/2026/JUNE/15/JX4w3TAu_d8b6e31a201f4034b9afefcd23675d2e.jpg
13201762,Lakme,Lakme Cushion Matte Lipstick with French Rose Oil - Plum Obsession CM2,217,375,(42% OFF),4.25,112472,Home/Personal Care/Lipstick,https://www.myntra.com/lipstick/lakme/lakme-cushion-matte-lipstick-with-french-rose-oil---plum-obsession-cm2/13201762/buy,http://assets.myntassets.com/assets/images/13201762/2024/8/16/aa559c50-c600-494b-932f-6634f7d762131723809710673-Lakme-Cushion-Matte-Lipstick-with-French-Rose-Oil---Plum-Obs-2.jpg
11131116,Lakme,Lakme Forever Matte Lightweight & Transferproof 16Hr Liquid Lipstick 5.6ml - Nude Dream,283,450,(37% OFF),4.41,177962,Home/Personal Care/Lipstick,https://www.myntra.com/lipstick/lakme/lakme-forever-matte-lightweight--transferproof-16hr-liquid-lipstick-56ml---nude-dream/11131116/buy,http://assets.myntassets.com/assets/images/11131116/2024/3/11/f09fbb28-23c0-4e82-b091-bc90172803521710155799995-Lakme-Forever-Matte-Liquid-Lip-Colour-56-ml---Nude-Dream-892-2.jpg
45132305,MARS,MARS Crave Hydrating & Lightweight Creme Lipstick - Adore 05,299,299,No Discount,0.0,0,Home/Personal Care/Lipstick,https://www.myntra.com/lipstick/mars/mars-crave-hydrating--lightweight-creme-lipstick---adore-05/45132305/buy,http://assets.myntassets.com/assets/images/2026/SEPTEMBER/23/a23a638fc42648f59439bb5c3f8459ec.jpg
44876099,ridoy,ridoy Set Of 8 Waterproof Liquid Matte Lipstick-3 ml Each - Light Pink-Maroon-Brown-Magent,236,441,(46% OFF),4.42,31,Home/Personal Care/Lipstick,https://www.myntra.com/lipstick/ridoy/ridoy-set-of-8-waterproof-liquid-matte-lipstick-3-ml-each---light-pink-maroon-brown-magent/44876099/buy,http://assets.myntassets.com/assets/images/2026/AUGUST/1/72MxqM96_572e38cfabd8403e9b2766a23acb6910.jpg
32283636,MARS,MARS Set Of 3 Queen of Mattes Long Lasting Liquid Lipstick 13.5ml - Reds & Maroons,465,499,(7% OFF),4.62,6557,Home/Personal Care/Lipstick,https://www.myntra.com/lipstick/mars/mars-set-of-3-queen-of-mattes-long-lasting-liquid-lipstick-135ml---reds--maroons/32283636/buy,http://assets.myntassets.com/assets/images/32283636/2025/2/17/84776b53-23c7-4e86-84ca-b5ccece887c01739785714132-MARS-Set-Of-3-Queen-of-Mattes-Long-Lasting-Liquid-Lipstick-1-1.jpg
29905122,FACES CANADA,FACES CANADA Comfy Matte Wow Liquid Lipstick - 3.8ml - Cocoa Crush 07,239,299,(20% OFF),4.5,39861,Home/Personal Care/Lipstick,https://www.myntra.com/lipstick/faces+canada/faces-canada-comfy-matte-wow-liquid-lipstick---38ml---cocoa-crush-07/29905122/buy,http://assets.myntassets.com/assets/images/2026/SEPTEMBER/20/9cb664dee729497f9714d6d7accafc46.jpg
22212908,Blue Heaven,Blue Heaven Set Of 10 Matte Love Long Lasting Hydrating Mini Lipsticks - 1.3g Each,246,449,(45% OFF),4.37,18543,Home/Personal Care/Lipstick,https://www.myntra.com/lipstick/blue+heaven/blue-heaven-set-of-10-matte-love-long-lasting-hydrating-mini-lipsticks---13g-each/22212908/buy,http://assets.myntassets.com/assets/images/2026/MAY/15/XCCNKSqJ_59c223b5ef5844d686cbc7bc87e2323c.jpg
27916434,ETUDE,ETUDE Dear Darling Water Tint 9g - Red Grapefruit Ade 4,382,450,(15% OFF),4.5,44745,Home/Personal Care/Lipstick,https://www.myntra.com/lipstick/etude/etude-dear-darling-water-tint-9g---red-grapefruit-ade-4/27916434/buy,http://assets.myntassets.com/assets/images/2026/APRIL/22/dcXN3llJ_0e6541e48be54d34b6525c0b28772559.jpg
28546562,Mamaearth,Mamaearth Creamy Matte Long Stay Lipstick With Murumuru Butter - Rose Nude,167,399,(58% OFF),4.25,24899,Home/Personal Care/Lipstick,https://www.myntra.com/lipstick/mamaearth/mamaearth-creamy-matte-long-stay-lipstick-with-murumuru-butter---rose-nude/28546562/buy,http://assets.myntassets.com/assets/images/28546562/2024/4/25/d17243f6-58e9-41fe-8521-f5059a0fb1a91714025429293MamaearthCreamyMatteLongStayLipstickWithMurumuruButter-RoseN1.jpg
30593158,Pilgrim,Pilgrim Matte Bullet Intense Colour Transferproof & Smudgeproof Lipstick - Mocha Bliss 04,476,595,(20% OFF),4.33,19339,Home/Personal Care/Lipstick,https://www.myntra.com/lipstick/pilgrim/pilgrim-matte-bullet-intense-colour-transferproof--smudgeproof-lipstick---mocha-bliss-04/30593158/buy,http://assets.myntassets.com/assets/images/2024/NOVEMBER/4/VAha6BTy_81cd48edddbf41eda03524b220e27abb.jpg
44876142,ridoy,ridoy Set Of 8 Waterproof Liquid Matte Lipstick-3 ml Each - Light Pink-Maroon-Brown-Magent,235,463,(49% OFF),3.53,60,Home/Personal Care/Lipstick,https://www.myntra.com/lipstick/ridoy/ridoy-set-of-8-waterproof-liquid-matte-lipstick-3-ml-each---light-pink-maroon-brown-magent/44876142/buy,http://assets.myntassets.com/assets/images/2026/AUGUST/1/DRdpBRyV_ecec2338ff42416b9df9746a0cdceec7.jpg
46828062,BELLABLOOM,BELLABLOOM Liquid Matte Lipstick - 5 ml - Dark Pink,399,799,(50% OFF),0.0,0,Home/Personal Care/Lipstick,https://www.myntra.com/lipstick/bellabloom/bellabloom-liquid-matte-lipstick---5-ml---dark-pink/46828062/buy,http://assets.myntassets.com/assets/images/2026/SEPTEMBER/29/0e0494e541cd4673b971be80c4baf426.jpg
11581508,Maybelline,Maybelline New York Color Sensational Creamy Matte Lipstick - 657 Nude Nuance - 3.9g,246,329,(25% OFF),4.44,233022,Home/Personal Care/Lipstick,https://www.myntra.com/lipstick/maybelline/maybelline-new-york-color-sensational-creamy-matte-lipstick---657-nude-nuance---39g/11581508/buy,http://assets.myntassets.com/assets/images/11581508/2023/11/28/47570c4b-adf7-4871-b278-6dbe0331ace91701150006879MaybellineNewYorkColorSensationalNudeNuanceCreamyMatteLipsti1.jpg
31082023,Mamaearth,Mamaearth Moisture Matte 12 Hour Long Stay Mini Lipstick - 0.7 g - 02 Plum Punch,226,349,(35% OFF),4.39,23581,Home/Personal Care/Lipstick,https://www.myntra.com/lipstick/mamaearth/mamaearth-moisture-matte-12-hour-long-stay-mini-lipstick---07-g---02-plum-punch/31082023/buy,http://assets.myntassets.com/assets/images/31082023/2024/9/30/9001060c-6ec2-4670-a17b-6128af3dd2511727677188461-Mamaearth-Moisture-Matte-12-Hour-Long-Stay-Mini-Lipstick---0-1.jpg
31082026,Mamaearth,Mamaearth Moisture Matte Long Stay Mini Lipstick - 0.7 g - 01 Carnation Nude,226,349,(35% OFF),4.39,23581,Home/Personal Care/Lipstick,https://www.myntra.com/lipstick/mamaearth/mamaearth-moisture-matte-long-stay-mini-lipstick---07-g---01-carnation-nude/31082026/buy,http://assets.myntassets.com/assets/images/2024/SEPTEMBER/30/SLirHSCU_a95554b08e124708b907a7c1977866db.jpg
23393626,MARS,MARS Creamy Matte Ultra Pigmented Long Lasting Bullet Lipstick - Bollywood Surprise 09,193,199,(3% OFF),4.43,68148,Home/Personal Care/Lipstick,https://www.myntra.com/lipstick/mars/mars-creamy-matte-ultra-pigmented-long-lasting-bullet-lipstick---bollywood-surprise-09/23393626/buy,http://assets.myntassets.com/assets/images/2024/SEPTEMBER/13/qu575rJA_197683e808e7448a85334420e697f512.jpg
33942196,Lakme,Lakme Forever Matte Long Stay Light-Weight Liquid Lipstick Trio 16.8ml - Nude Moods,796,1350,(41% OFF),4.52,13722,Home/Personal Care/Lipstick,https://www.myntra.com/lipstick/lakme/lakme-forever-matte-long-stay-light-weight-liquid-lipstick-trio-168ml---nude-moods/33942196/buy,http://assets.myntassets.com/assets/images/2025/MAY/27/Zo9limqp_0cd75b45a7384dd5bb0c1fafb66c1454.jpg
1963298,Maybelline,Maybelline New York Color Sensational Creamy Matte Lipstick - Burgundy Blush,259,329,(21% OFF),4.44,233022,Home/Personal Care/Lipstick,https://www.myntra.com/lipstick/maybelline/maybelline-new-york-color-sensational-creamy-matte-lipstick---burgundy-blush/1963298/buy,http://assets.myntassets.com/assets/images/2025/NOVEMBER/6/lcDGGQVC_ba68f5a103c2489ea8a6c2b1260e4bf7.jpg
42045034,MAXTOUCH,MAXTOUCH Extreme Matte Bullet Lipstick With Castor Oil - 4 g - 917,599,599,No Discount,0.0,0,Home/Personal Care/Lipstick,https://www.myntra.com/lipstick/maxtouch/maxtouch-extreme-matte-bullet-lipstick-with-castor-oil---4-g---917/42045034/buy,http://assets.myntassets.com/assets/images/2026/MAY/12/UIZUcWYW_56963089a0bf43799897fb9ad6e2051d.jpg
32051449,MARS,MARS Matte Muse Lightweight Mousse Lipstick 3ml - Leading Lady,269,299,(10% OFF),4.48,52649,Home/Personal Care/Lipstick,https://www.myntra.com/lipstick/mars/mars-matte-muse-lightweight-mousse-lipstick-3ml---leading-lady/32051449/buy,http://assets.myntassets.com/assets/images/2025/NOVEMBER/24/ufanJqID_7e7aac5762554c1ba87160a7b48088d1.jpg
14095312,Lakme,Lakme 9to5 Powerplay Priming Matte Lipstick With Vit E Lasts 16Hr 3.6g - Iconic Red,351,650,(46% OFF),4.33,338238,Home/Personal Care/Lipstick,https://www.myntra.com/lipstick/lakme/lakme-9to5-powerplay-priming-matte-lipstick-with-vit-e-lasts-16hr-36g---iconic-red/14095312/buy,http://assets.myntassets.com/assets/images/2026/FEBRUARY/9/MvV8yMs8_019db8437f5e4ca78d4f0ecfa2571afd.jpg
36495875,ELLE 18,ELLE 18 3-Pcs Long Lasting Liquid Lipstick Kit 5.6 ml each - Nude Days,264,480,(45% OFF),4.47,1816,Home/Personal Care/Lipstick,https://www.myntra.com/lipstick/elle+18/elle-18-3-pcs-long-lasting-liquid-lipstick-kit-56-ml-each---nude-days/36495875/buy,http://assets.myntassets.com/assets/images/2025/SEPTEMBER/3/vaLPCoAL_74e8a3c4a0a04b9083c8b96c0052e007.jpg
24822112,Lakme,Lakme Forever Matte Long Lasting Lipstick With French Rose Oil Ext 4.5g - Mauve Love CM7,225,375,(40% OFF),4.18,39702,Home/Personal Care/Lipstick,https://www.myntra.com/lipstick/lakme/lakme-forever-matte-long-lasting-lipstick-with-french-rose-oil-ext-45g---mauve-love-cm7/24822112/buy,http://assets.myntassets.com/assets/images/24822112/2023/11/3/f5f24034-690f-4599-915a-6eba2f2c1de31699011182900LakmeCushionMatteLongLastingLipstickwithFrenchRoseOil-MauveL1.jpg
32378716,ETUDE,ETUDE Dear Darling Water Gel Lip & Cheek Tint 9g - Pomegranate Ade 06,405,450,(10% OFF),4.5,44745,Home/Personal Care/Lipstick,https://www.myntra.com/lipstick/etude/etude-dear-darling-water-gel-lip--cheek-tint-9g---pomegranate-ade-06/32378716/buy,http://assets.myntassets.com/assets/images/2026/MARCH/17/HR3dmJoE_f8ec439c68a34eb890a99fe72e21322a.jpg
15580792,SWISS BEAUTY,SWISS BEAUTY Pure Matte Lipstick- Hazelnut 203,199,229,(13% OFF),4.4,36237,Home/Personal Care/Lipstick,https://www.myntra.com/lipstick/swiss+beauty/swiss-beauty-pure-matte-lipstick--hazelnut-203/15580792/buy,http://assets.myntassets.com/assets/images/15580792/2024/2/9/228a503e-9272-4b82-b609-0069dd9b5c671707478233764-SWISS-BEAUTY-Pure-Matte-Lipstick--Hazelnut-203-7141707478233-1.jpg
46828066,BELLABLOOM,BELLABLOOM Liquid Matte Lipstick - 5 ml - Maroon,399,599,(33% OFF),0.0,0,Home/Personal Care/Lipstick,https://www.myntra.com/lipstick/bellabloom/bellabloom-liquid-matte-lipstick---5-ml---maroon/46828066/buy,http://assets.myntassets.com/assets/images/2026/SEPTEMBER/29/a7373a25a58543159192b1bc387a62b0.jpg
8051031,Maybelline,Maybelline New York Super Stay Matte Ink Liquid Lipstick 5 ml - Artist 120,486,749,(35% OFF),4.51,215247,Home/Personal Care/Lipstick,https://www.myntra.com/lipstick/maybelline/maybelline-new-york-super-stay-matte-ink-liquid-lipstick-5-ml---artist-120/8051031/buy,http://assets.myntassets.com/assets/images/2025/SEPTEMBER/18/zODHxmXT_27a48f8c60644acf8f3680bb68d1db04.jpg
28546544,Mamaearth,Mamaearth Creamy Matte Long Stay Lipstick With Murumuru Butter - 4.2g - Cranberry Crush,351,399,(12% OFF),4.25,24899,Home/Personal Care/Lipstick,https://www.myntra.com/lipstick/mamaearth/mamaearth-creamy-matte-long-stay-lipstick-with-murumuru-butter---42g---cranberry-crush/28546544/buy,http://assets.myntassets.com/assets/images/28546544/2024/4/25/6232eb48-9d2f-4914-9852-3c0d0ae7ad5e1714025431506MamaearthCreamyMatteLongStayLipstickWithMurumuruButter-42g-C1.jpg
24822100,Lakme,Lakme Cushion Matte Long Lasting Lipstick With French Rose Oil Ext 4.5g - Red Royale,225,375,(40% OFF),4.18,39702,Home/Personal Care/Lipstick,https://www.myntra.com/lipstick/lakme/lakme-cushion-matte-long-lasting-lipstick-with-french-rose-oil-ext-45g---red-royale/24822100/buy,http://assets.myntassets.com/assets/images/24822100/2023/10/27/7588b64c-e489-4fce-b287-f286db5aef651698406920286LakmeCushionMatteLongLastingLipstickwithFrenchRoseOil-RedRoy1.jpg
11131096,Lakme,Lakme Forever Matte Lightweight & Transferproof 16Hr Liquid Lipstick 5.6ml - Crimson Rose,283,450,(37% OFF),4.41,177962,Home/Personal Care/Lipstick,https://www.myntra.com/lipstick/lakme/lakme-forever-matte-lightweight--transferproof-16hr-liquid-lipstick-56ml---crimson-rose/11131096/buy,http://assets.myntassets.com/assets/images/2026/JUNE/15/JX4w3TAu_d8b6e31a201f4034b9afefcd23675d2e.jpg
13201762,Lakme,Lakme Cushion Matte Lipstick with French Rose Oil - Plum Obsession CM2,217,375,(42% OFF),4.25,112472,Home/Personal Care/Lipstick,https://www.myntra.com/lipstick/lakme/lakme-cushion-matte-lipstick-with-french-rose-oil---plum-obsession-cm2/13201762/buy,http://assets.myntassets.com/assets/images/13201762/2024/8/16/aa559c50-c600-494b-932f-6634f7d762131723809710673-Lakme-Cushion-Matte-Lipstick-with-French-Rose-Oil---Plum-Obs-2.jpg
11131116,Lakme,Lakme Forever Matte Lightweight & Transferproof 16Hr Liquid Lipstick 5.6ml - Nude Dream,283,450,(37% OFF),4.41,177962,Home/Personal Care/Lipstick,https://www.myntra.com/lipstick/lakme/lakme-forever-matte-lightweight--transferproof-16hr-liquid-lipstick-56ml---nude-dream/11131116/buy,http://assets.myntassets.com/assets/images/11131116/2024/3/11/f09fbb28-23c0-4e82-b091-bc90172803521710155799995-Lakme-Forever-Matte-Liquid-Lip-Colour-56-ml---Nude-Dream-892-2.jpg
45132305,MARS,MARS Crave Hydrating & Lightweight Creme Lipstick - Adore 05,299,299,No Discount,0.0,0,Home/Personal Care/Lipstick,https://www.myntra.com/lipstick/mars/mars-crave-hydrating--lightweight-creme-lipstick---adore-05/45132305/buy,http://assets.myntassets.com/assets/images/2026/SEPTEMBER/23/a23a638fc42648f59439bb5c3f8459ec.jpg
44876099,ridoy,ridoy Set Of 8 Waterproof Liquid Matte Lipstick-3 ml Each - Light Pink-Maroon-Brown-Magent,236,441,(46% OFF),4.42,31,Home/Personal Care/Lipstick,https://www.myntra.com/lipstick/ridoy/ridoy-set-of-8-waterproof-liquid-matte-lipstick-3-ml-each---light-pink-maroon-brown-magent/44876099/buy,http://assets.myntassets.com/assets/images/2026/AUGUST/1/72MxqM96_572e38cfabd8403e9b2766a23acb6910.jpg
32283636,MARS,MARS Set Of 3 Queen of Mattes Long Lasting Liquid Lipstick 13.5ml - Reds & Maroons,465,499,(7% OFF),4.62,6557,Home/Personal Care/Lipstick,https://www.myntra.com/lipstick/mars/mars-set-of-3-queen-of-mattes-long-lasting-liquid-lipstick-135ml---reds--maroons/32283636/buy,http://assets.myntassets.com/assets/images/32283636/2025/2/17/84776b53-23c7-4e86-84ca-b5ccece887c01739785714132-MARS-Set-Of-3-Queen-of-Mattes-Long-Lasting-Liquid-Lipstick-1-1.jpg
20474268,ETUDE,ETUDE Dear Darling Water Gel Lip & Cheek Tint Lipstick 9 g - Cherry Ade 02,405,450,(10% OFF),4.5,44745,Home/Personal Care/Lipstick,https://www.myntra.com/lipstick/etude/etude-dear-darling-water-gel-lip--cheek-tint-lipstick-9-g---cherry-ade-02/20474268/buy,http://assets.myntassets.com/assets/images/2026/APRIL/22/ly2vLY76_2200d128febd43e39c5fd9b0424f774f.jpg
32619377,nandiayan,nandiayan Women Liquid Lipstick Set of 12 Smudge Proof Matte Shades -2.5ml Each,283,455,(38% OFF),3.85,2047,Home/Personal Care/Lipstick,https://www.myntra.com/lipstick/nandiayan/nandiayan-women-liquid-lipstick-set-of-12-smudge-proof-matte-shades--25ml-each/32619377/buy,http://assets.myntassets.com/assets/images/2026/JULY/31/TxDSXUIC_8666814f724841de8698752338301b1b.jpg
40665628,Blue Heaven,Blue Heaven 10-Pcs Matte Love Long Lasting Blurring Mini Lip-Mousse Combo - 1 ml each,454,649,(30% OFF),4.36,11,Home/Personal Care/Lipstick,https://www.myntra.com/lipstick/blue+heaven/blue-heaven-10-pcs-matte-love-long-lasting-blurring-mini-lip-mousse-combo---1-ml-each/40665628/buy,http://assets.myntassets.com/assets/images/2026/MARCH/18/WbKqyogN_c512f631cc9b4fd691966a0d0ef8e93d.jpg
33267418,LOVE EARTH,LOVE EARTH Set Of 3 Liquid Mousse Lipstick - 1.5ml Each - Reds,249,714,(65% OFF),4.45,5596,Home/Personal Care/Lipstick,https://www.myntra.com/lipstick/love+earth/love-earth-set-of-3-liquid-mousse-lipstick---15ml-each---reds/33267418/buy,http://assets.myntassets.com/assets/images/2026/JULY/17/YsPfW8cr_f46081752e6343c7964d2cefc93b287b.jpg
24440348,MARS,MARS Plush Velvet Ultra Matte Long Lasting Bullet Lipstick - Pretty In Pink 09,209,249,(16% OFF),4.21,11800,Home/Personal Care/Lipstick,https://www.myntra.com/lipstick/mars/mars-plush-velvet-ultra-matte-long-lasting-bullet-lipstick---pretty-in-pink-09/24440348/buy,http://assets.myntassets.com/assets/images/2024/OCTOBER/7/fHKW9hSk_9cefac6ca8e044e0a8719fd438815aaa.jpg
41244866,Mamaearth,Mamaearth Moisture Matte Longstay Mini Lipstick with Vitamin E - Bubblegum Nude - 0.7 g,224,299,(25% OFF),4.38,24427,Home/Personal Care/Lipstick,https://www.myntra.com/lipstick/mamaearth/mamaearth-moisture-matte-longstay-mini-lipstick-with-vitamin-e---bubblegum-nude---07-g/41244866/buy,http://assets.myntassets.com/assets/images/2026/APRIL/9/SlP7bAZg_ddaaf702003749ff942f0483eb03b588.jpg
35696816,RYUK,RYUK Set Of 6 Non Transfer Liquid Lip Colour - 2.5ml Each- Set 01,237,1049,(77% OFF),4.09,789,Home/Personal Care/Lipstick,https://www.myntra.com/lipstick/ryuk/ryuk-set-of-6-non-transfer-liquid-lip-colour---25ml-each--set-01/35696816/buy,http://assets.myntassets.com/assets/images/2026/JULY/15/usQmxPSP_1f275fe07c864f65948bf9025f38b2ae.jpg
28546542,Mamaearth,Mamaearth Creamy Matte Long Stay Lipstick With Murumuru Butter- 4.2g-Hibiscus Nude,239,399,(40% OFF),4.25,24899,Home/Personal Care/Lipstick,https://www.myntra.com/lipstick/mamaearth/mamaearth-creamy-matte-long-stay-lipstick-with-murumuru-butter--42g-hibiscus-nude/28546542/buy,http://assets.myntassets.com/assets/images/28546542/2024/4/25/f88da3ea-6ba1-4f6e-9168-24d13a830c3b1714025434686MamaearthCreamyMatteLongStayLipstickWithMurumuruButter-42g-H1.jpg
32283634,MARS,MARS Set Of 3 Queen of Mattes Long Lasting Liquid Lipstick 13.5ml - Browns,477,549,(13% OFF),4.62,6557,Home/Personal Care/Lipstick,https://www.myntra.com/lipstick/mars/mars-set-of-3-queen-of-mattes-long-lasting-liquid-lipstick-135ml---browns/32283634/buy,http://assets.myntassets.com/assets/images/32283634/2025/2/17/638e6406-a111-4a2c-a5c5-2eee4d6b75d91739785702699-MARS-Set-Of-3-Queen-of-Mattes-Long-Lasting-Liquid-Lipstick-1-1.jpg
46828062,BELLABLOOM,BELLABLOOM Liquid Matte Lipstick - 5 ml - Dark Pink,399,799,(50% OFF),0.0,0,Home/Personal Care/Lipstick,https://www.myntra.com/lipstick/bellabloom/bellabloom-liquid-matte-lipstick---5-ml---dark-pink/46828062/buy,http://assets.myntassets.com/assets/images/2026/SEPTEMBER/29/0e0494e541cd4673b971be80c4baf426.jpg
24822094,Lakme,Lakme Cushion Matte Long Lasting Lipstick With French Rose Oil Ext 4.5g -  Red Bomb Shell,213,375,(43% OFF),4.18,39702,Home/Personal Care/Lipstick,https://www.myntra.com/lipstick/lakme/lakme-cushion-matte-long-lasting-lipstick-with-french-rose-oil-ext-45g----red-bomb-shell/24822094/buy,http://assets.myntassets.com/assets/images/24822094/2023/10/12/be7007c7-f3c9-42b2-a604-0243b317fefe1697090796347LakmeCushionMatteLipstickwithFrenchRoseOil-RedBombshell1.jpg
28546548,Mamaearth,Mamaearth Creamy Matte Long Stay Lipstick With Murumuru Butter - 4.2g - Tulip Magenta,167,399,(58% OFF),4.25,24899,Home/Personal Care/Lipstick,https://www.myntra.com/lipstick/mamaearth/mamaearth-creamy-matte-long-stay-lipstick-with-murumuru-butter---42g---tulip-magenta/28546548/buy,http://assets.myntassets.com/assets/images/28546548/2024/4/25/68689163-78f6-4e4a-82bf-64a58c422a5e1714025433184MamaearthCreamyMatteLongStayLipstickWithMurumuruButter-42g-T1.jpg
32051431,MARS,MARS Matte Muse Lightweight Mousse Lipstick 3ml - Trend Setter,269,299,(10% OFF),4.48,52649,Home/Personal Care/Lipstick,https://www.myntra.com/lipstick/mars/mars-matte-muse-lightweight-mousse-lipstick-3ml---trend-setter/32051431/buy,http://assets.myntassets.com/assets/images/2025/NOVEMBER/24/wod61iAe_58284013e8e446a59052f6aa4c3f6e09.jpg
23393466,MARS,MARS Ultra Pigmented Creamy Matte Lipstick 3.2 g - Giddha Glow 21,193,199,(3% OFF),4.43,68148,Home/Personal Care/Lipstick,https://www.myntra.com/lipstick/mars/mars-ultra-pigmented-creamy-matte-lipstick-32-g---giddha-glow-21/23393466/buy,http://assets.myntassets.com/assets/images/2024/SEPTEMBER/13/E1IYP9B3_87e1b5a04e404bcc9de23f5e80f82a2c.jpg
11757174,Lakme,Lakme Forever Matte Lightweight & Transferproof 16Hr Liquid Lipstick 5.6ml - Wine Glow,274,450,(39% OFF),4.41,177962,Home/Personal Care/Lipstick,https://www.myntra.com/lipstick/lakme/lakme-forever-matte-lightweight--transferproof-16hr-liquid-lipstick-56ml---wine-glow/11757174/buy,http://assets.myntassets.com/assets/images/2026/JUNE/15/3nUrcvUW_3d951c8158594253abb30b1b9ee89f51.jpg
32582259,Parul Garg,Parul Garg Smudge-Proof Matte Lipstick with Shea Butter & Vitamin E-Hibiscus (Deep Red)-3ml,357,595,(40% OFF),4.35,4214,Home/Personal Care/Lipstick,https://www.myntra.com/lipstick/parul+garg/parul-garg-smudge-proof-matte-lipstick-with-shea-butter--vitamin-e-hibiscus-deep-red-3ml/32582259/buy,http://assets.myntassets.com/assets/images/2026/APRIL/10/vsoGqB2c_7e550a03833b47fbaabe14ba1b1ceac5.jpg
42045034,MAXTOUCH,MAXTOUCH Extreme Matte Bullet Lipstick With Castor Oil - 4 g - 917,599,599,No Discount,0.0,0,Home/Personal Care/Lipstick,https://www.myntra.com/lipstick/maxtouch/maxtouch-extreme-matte-bullet-lipstick-with-castor-oil---4-g---917/42045034/buy,http://assets.myntassets.com/assets/images/2026/MAY/12/UIZUcWYW_56963089a0bf43799897fb9ad6e2051d.jpg
21828374,Colors Queen,Colors Queen Color It All Non Transfer Lip Crayon With Sharpener 4 g - Third Date 17,349,349,No Discount,4.28,5990,Home/Personal Care/Lipstick,https://www.myntra.com/lipstick/colors+queen/colors-queen-color-it-all-non-transfer-lip-crayon-with-sharpener-4-g---third-date-17/21828374/buy,http://assets.myntassets.com/assets/images/2026/MAY/16/cJ54D4XW_b6c6c3b1bbca4a79aebb6d38a52bca4c.jpg
14148770,Maybelline,Maybelline New York Color Sensational Creamy Matte Lipstick- Midtown Pink 673,246,329,(25% OFF),4.44,233022,Home/Personal Care/Lipstick,https://www.myntra.com/lipstick/maybelline/maybelline-new-york-color-sensational-creamy-matte-lipstick--midtown-pink-673/14148770/buy,http://assets.myntassets.com/assets/images/2025/NOVEMBER/6/ZFZbcbdM_10d8117a71b34e8fba73a666f62fdabf.jpg
15506284,Lakme,Lakme Forever Matte Long Lasting Lipstick With French Rose Oil Ext 4.5g - Pink Petal CP11,225,375,(40% OFF),4.25,112472,Home/Personal Care/Lipstick,https://www.myntra.com/lipstick/lakme/lakme-forever-matte-long-lasting-lipstick-with-french-rose-oil-ext-45g---pink-petal-cp11/15506284/buy,http://assets.myntassets.com/assets/images/15506284/2024/10/4/ad412484-6ebd-4781-9c89-430ec0d272991728021005012-Lakme-Cushion-Matte-Lipstick---Pink-Petal-CP11-9811728021004-1.jpg
20616906,Lakme,Lakme Forever Matte Lightweight & Transferproof 16Hr Liquid Lipstick 5.6ml - Mauve Petal,265,450,(41% OFF),4.41,177962,Home/Personal Care/Lipstick,https://www.myntra.com/lipstick/lakme/lakme-forever-matte-lightweight--transferproof-16hr-liquid-lipstick-56ml---mauve-petal/20616906/buy,http://assets.myntassets.com/assets/images/2026/JUNE/17/Hclc39SA_d29c70a6815e474fb34862fda59071d9.jpg
44414008,MARS,MARS Lip Fuzz Blurring Mousse Lip Cream with Cushion Tip Applicator - Blush Cloud 02,396,399,(1% OFF),4.52,368,Home/Personal Care/Lipstick,https://www.myntra.com/lipstick/mars/mars-lip-fuzz-blurring-mousse-lip-cream-with-cushion-tip-applicator---blush-cloud-02/44414008/buy,http://assets.myntassets.com/assets/images/2026/AUGUST/13/eb529410b0cc4e1ca92841e57d52ed6f.jpg
30593173,Pilgrim,Pilgrim Matte Bullet Intense Colour Transferproof & Smudgeproof Lipstick - Ruby Revolt 25,476,595,(20% OFF),4.33,19339,Home/Personal Care/Lipstick,https://www.myntra.com/lipstick/pilgrim/pilgrim-matte-bullet-intense-colour-transferproof--smudgeproof-lipstick---ruby-revolt-25/30593173/buy,http://assets.myntassets.com/assets/images/2024/NOVEMBER/4/lNbF9RKS_fa8f8181dd484720b475dc2254fc82de.jpg
45132305,MARS,MARS Crave Hydrating & Lightweight Creme Lipstick - Adore 05,299,299,No Discount,0.0,0,Home/Personal Care/Lipstick,https://www.myntra.com/lipstick/mars/mars-crave-hydrating--lightweight-creme-lipstick---adore-05/45132305/buy,http://assets.myntassets.com/assets/images/2026/SEPTEMBER/23/a23a638fc42648f59439bb5c3f8459ec.jpg
7196179,Maybelline,Maybelline New York Color Sensational Creamy Matte Lipstick - Bold Crimson 634,246,329,(25% OFF),4.44,233022,Home/Personal Care/Lipstick,https://www.myntra.com/lipstick/maybelline/maybelline-new-york-color-sensational-creamy-matte-lipstick---bold-crimson-634/7196179/buy,http://assets.myntassets.com/assets/images/2025/NOVEMBER/6/IpxHOhar_991aeec76bd046458db95c91757ab5e3.jpg
41432935,Be!Myn,Be!MYN ButterGLYD Creamy Matte Lipstick - Soft Launch,161,215,(25% OFF),4.29,1284,Home/Personal Care/Lipstick,https://www.myntra.com/lipstick/be%21myn/bemyn-butterglyd-creamy-matte-lipstick---soft-launch/41432935/buy,http://assets.myntassets.com/assets/images/2026/JULY/20/uVojmgJh_62afa838c1ce4f9d918fa887eb4276eb.jpg
32907682,Hilary Rhoda,Hilary Rhoda Slay All Day Creamy Matte Lipstick - 2.6 g - Terracotta 04,227,299,(24% OFF),4.37,2228,Home/Personal Care/Lipstick,https://www.myntra.com/lipstick/hilary+rhoda/hilary-rhoda-slay-all-day-creamy-matte-lipstick---26-g---terracotta-04/32907682/buy,http://assets.myntassets.com/assets/images/2026/JUNE/9/JUm5h7IB_7f68da1054cf4f5f985441f6ea5d3e73.jpg
24656892,Ronzille,Ronzille Set of 6 Sexy Lippes Red Edition Mini Bullet Lipstick - 2g Each,215,299,(28% OFF),4.04,1627,Home/Personal Care/Lipstick,https://www.myntra.com/lipstick/ronzille/-ronzille-set-of-6-sexy-lippes-red-edition-mini-bullet-lipstick---2g-each/24656892/buy,http://assets.myntassets.com/assets/images/24656892/2023/8/25/faace717-40fe-41ce-8356-dbbd4fd683301692972664381Lipstick1.jpg
39173780,Toberer,Toberer Set Of 12 Transfer Proof Long Lasting Matte Finish Liquid Lipstick - 2.5 ml Each,240,299,(20% OFF),3.26,42,Home/Personal Care/Lipstick,https://www.myntra.com/lipstick/toberer/toberer-set-of-12-transfer-proof-long-lasting-matte-finish-liquid-lipstick---25-ml-each/39173780/buy,http://assets.myntassets.com/assets/images/2026/JANUARY/5/NPArdf7m_6fe6ce2d4a42489fb9dda3966fa0a3cf.jpg
13201772,Lakme,Lakme Forever Matte Long Lasting Lipstick With French Rose Oil Ext 4.5g - Red Wine CR3,213,375,(43% OFF),4.25,112472,Home/Personal Care/Lipstick,https://www.myntra.com/lipstick/lakme/lakme-forever-matte-long-lasting-lipstick-with-french-rose-oil-ext-45g---red-wine-cr3/13201772/buy,http://assets.myntassets.com/assets/images/2026/JUNE/16/IFApshJW_4e4511ac7a3647c4a480a08ec92dca85.jpg
46828066,BELLABLOOM,BELLABLOOM Liquid Matte Lipstick - 5 ml - Maroon,399,599,(33% OFF),0.0,0,Home/Personal Care/Lipstick,https://www.myntra.com/lipstick/bellabloom/bellabloom-liquid-matte-lipstick---5-ml---maroon/46828066/buy,http://assets.myntassets.com/assets/images/2026/SEPTEMBER/29/a7373a25a58543159192b1bc387a62b0.jpg
1582528,Lakme,Lakme Double Duty 2 in1 Lip & Cheek Mousse Matte Lipstick & Soft Blush  9g - Coca Soft,447,799,(44% OFF),4.23,31088,Home/Personal Care/Lipstick,https://www.myntra.com/lipstick/lakme/lakme-double-duty-2-in1-lip--cheek-mousse-matte-lipstick--soft-blush--9g---coca-soft/1582528/buy,http://assets.myntassets.com/assets/images/2026/AUGUST/19/df5880e225fe4d5ca822f88b4301f6da.jpg
30118087,Renee,Renee Matte Lock Avocado Oil SPF 15 Lipstick With Beta Carotene & Vitamin E 3.5g - Jazz,224,299,(25% OFF),4.1,1742,Home/Personal Care/Lipstick,https://www.myntra.com/lipstick/renee/renee-matte-lock-avocado-oil-spf-15-lipstick-with-beta-carotene--vitamin-e-35g---jazz/30118087/buy,http://assets.myntassets.com/assets/images/2024/AUGUST/7/ulMWLeFm_fc2e64c8b5aa48c3b17a742be49887f6.jpg
32051427,MARS,MARS Matte Muse Lightweight Mousse Lipstick 3ml - Super Star,281,299,(6% OFF),4.48,52649,Home/Personal Care/Lipstick,https://www.myntra.com/lipstick/mars/mars-matte-muse-lightweight-mousse-lipstick-3ml---super-star/32051427/buy,http://assets.myntassets.com/assets/images/2025/NOVEMBER/24/TgWZdxyy_5175f3214eda4b27bce5e7a30bdf2613.jpg
44766824,BELLABLOOM,BELLABLOOM Set Of 2 Transfer Proof Matte Liquid Lipstick - 5 ml Each,172,289,(40% OFF),4.75,8,Home/Personal Care/Lipstick,https://www.myntra.com/lipstick/bellabloom/bellabloom-set-of-2-transfer-proof-matte-liquid-lipstick---5-ml-each/44766824/buy,http://assets.myntassets.com/assets/images/2026/SEPTEMBER/10/8f6019802b2f44cfb95208820136fc7c.jpg
11131112,Lakme,Lakme Forever Matte Lightweight & Transferproof 16Hr Liquid Lipstick 5.6ml - Mauve Ecstacy,283,450,(37% OFF),4.41,177962,Home/Personal Care/Lipstick,https://www.myntra.com/lipstick/lakme/lakme-forever-matte-lightweight--transferproof-16hr-liquid-lipstick-56ml---mauve-ecstacy/11131112/buy,http://assets.myntassets.com/assets/images/2026/JUNE/15/1Ou7FjiD_13793259411d4d71ade3f64cd2101eda.jpg
45110688,BELLABLOOM,BELLABLOOM Liquid Matte Lipstick - 5 ml - Nude Brown 29,193,289,(33% OFF),3.68,60,Home/Personal Care/Lipstick,https://www.myntra.com/lipstick/bellabloom/bellabloom-liquid-matte-lipstick---5-ml---nude-brown-29/45110688/buy,http://assets.myntassets.com/assets/images/2026/AUGUST/24/b4fc46ba97f040e6aac240479d5bba0f.jpg
